id,product,category,unit,district,marketPrice,psbaPrice,difference,status,date
6a151f2c443f22e2e1cd70ea,Chicken,Meat & Eggs,kg,Chakwal,483,475,8,approved,2026-05-26T04:18:52.719Z
6a151ca8443f22e2e1cd701c,Chicken,Meat & Eggs,kg,Toba-Tek-Singh,461,456,5,approved,2026-05-26T04:08:08.386Z
6a151a7c443f22e2e1cd6f7e,Chicken,Meat & Eggs,kg,Sialkot,476,469,7,approved,2026-05-26T03:58:52.908Z
6a15199e443f22e2e1cd6e9d,Chicken,Meat & Eggs,kg,Kasur,475,470,5,approved,2026-05-26T03:55:10.559Z
6a1518b0443f22e2e1cd6d70,Chicken,Meat & Eggs,kg,Faisalabad,461,456,5,approved,2026-05-26T03:51:12.552Z
6a151896443f22e2e1cd6d30,Chicken,Meat & Eggs,kg,Pakpattan,468,463,5,approved,2026-05-26T03:50:46.558Z
6a151884443f22e2e1cd6ca0,Chicken,Meat & Eggs,kg,Muzaffargarh,468,460,8,approved,2026-05-26T03:50:28.677Z
6a151842443f22e2e1cd6c40,Chicken,Meat & Eggs,kg,Layyah,469,467,2,approved,2026-05-26T03:49:22.327Z
6a1517cc443f22e2e1cd6b86,Chicken,Meat & Eggs,kg,Khushab,482,480,2,approved,2026-05-26T03:47:24.662Z
6a151797443f22e2e1cd6b10,Chicken,Meat & Eggs,kg,Hafizabad,475,470,5,approved,2026-05-26T03:46:31.977Z
6a1516ff443f22e2e1cd6ab0,Chicken,Meat & Eggs,kg,Vehari,445,440,5,approved,2026-05-26T03:43:59.472Z
6a15162f443f22e2e1cd6a20,Chicken,Meat & Eggs,kg,D.G. Khan,468,463,5,approved,2026-05-26T03:40:31.299Z
6a1515f0443f22e2e1cd698e,Chicken,Meat & Eggs,kg,Sheikhupura,475,470,5,approved,2026-05-26T03:39:28.183Z
6a1514f6443f22e2e1cd691d,Chicken,Meat & Eggs,kg,Sahiwal,475,468,7,approved,2026-05-26T03:35:18.662Z
6a15143c443f22e2e1cd685a,Chicken,Meat & Eggs,kg,Bhakkar,461,456,5,approved,2026-05-26T03:32:12.169Z
6a1513fb443f22e2e1cd67c1,Chicken,Meat & Eggs,kg,Chiniot,461,450,11,approved,2026-05-26T03:31:07.926Z
6a15133b443f22e2e1cd672a,Chicken,Meat & Eggs,kg,Rajanpur,468,463,5,approved,2026-05-26T03:27:55.513Z
6a15125d443f22e2e1cd667e,Chicken,Meat & Eggs,kg,Okara,475,468,7,approved,2026-05-26T03:24:13.587Z
6a15125b443f22e2e1cd660c,Chicken,Meat & Eggs,kg,Khanewal,440,425,15,approved,2026-05-26T03:24:11.351Z
6a1511d7443f22e2e1cd659f,Chicken,Meat & Eggs,kg,Bahawalpur,440,435,5,approved,2026-05-26T03:21:59.448Z
6a15111d443f22e2e1cd64d6,Chicken,Meat & Eggs,kg,Lodhran,445,440,5,approved,2026-05-26T03:18:53.385Z
6a151078443f22e2e1cd6441,Chicken,Meat & Eggs,kg,Wazirabad,475,468,7,approved,2026-05-26T03:16:08.459Z
6a150f4b443f22e2e1cd639d,Chicken,Meat & Eggs,kg,Lahore,475,468,7,approved,2026-05-26T03:11:07.366Z
6a150ee7443f22e2e1cd6311,Chicken,Meat & Eggs,kg,Rawalpindi,497,495,2,approved,2026-05-26T03:09:27.025Z
6a150ee1443f22e2e1cd62bf,Chicken,Meat & Eggs,kg,Gujrat,475,470,5,approved,2026-05-26T03:09:21.228Z
6a150e21443f22e2e1cd61fb,Chicken,Meat & Eggs,kg,Taunsa-Sharif,468,463,5,approved,2026-05-26T03:06:09.421Z
6a150e17443f22e2e1cd6131,Chicken,Meat & Eggs,kg,Jhang,461,456,5,approved,2026-05-26T03:05:59.272Z
6a150d99443f22e2e1cd60be,Chicken,Meat & Eggs,kg,Multan,446,441,5,approved,2026-05-26T03:03:53.259Z
6a150be0443f22e2e1cd600f,Chicken,Meat & Eggs,kg,Gujranwala,475,465,10,approved,2026-05-26T02:56:32.089Z
6a150800443f22e2e1cd5f4c,Chicken,Meat & Eggs,kg,Mianwali,482,480,2,approved,2026-05-26T02:40:00.185Z
6a1503cc443f22e2e1cd5ef2,Chicken,Meat & Eggs,kg,Sargodha,482,477,5,approved,2026-05-26T02:22:04.390Z
6a150800443f22e2e1cd5f40,Eggs,Meat & Eggs,dozen,Mianwali,237,230,7,approved,2026-05-26T05:13:44.860Z
6a151f2c443f22e2e1cd70e0,Eggs,Meat & Eggs,dozen,Chakwal,239,235,4,approved,2026-05-26T04:18:52.701Z
6a151ca8443f22e2e1cd703e,Eggs,Meat & Eggs,dozen,Toba-Tek-Singh,234,229,5,approved,2026-05-26T04:08:08.437Z
6a151a7c443f22e2e1cd6f70,Eggs,Meat & Eggs,dozen,Sialkot,235,233,2,approved,2026-05-26T03:58:52.904Z
6a15199e443f22e2e1cd6e7f,Eggs,Meat & Eggs,dozen,Kasur,239,235,4,approved,2026-05-26T03:55:10.513Z
6a1518b0443f22e2e1cd6d6a,Eggs,Meat & Eggs,dozen,Faisalabad,239,234,5,approved,2026-05-26T03:51:12.542Z
6a151896443f22e2e1cd6d0e,Eggs,Meat & Eggs,dozen,Pakpattan,237,232,5,approved,2026-05-26T03:50:46.512Z
6a151884443f22e2e1cd6cc6,Eggs,Meat & Eggs,dozen,Muzaffargarh,220,218,2,approved,2026-05-26T03:50:28.718Z
6a151842443f22e2e1cd6c3e,Eggs,Meat & Eggs,dozen,Layyah,230,228,2,approved,2026-05-26T03:49:22.327Z
6a1517cc443f22e2e1cd6ba0,Eggs,Meat & Eggs,dozen,Khushab,239,235,4,approved,2026-05-26T03:47:24.699Z
6a151798443f22e2e1cd6b3c,Eggs,Meat & Eggs,dozen,Hafizabad,239,235,4,approved,2026-05-26T03:46:32.036Z
6a1516ff443f22e2e1cd6ab4,Eggs,Meat & Eggs,dozen,Vehari,221,219,2,approved,2026-05-26T03:43:59.474Z
6a15162f443f22e2e1cd69f6,Eggs,Meat & Eggs,dozen,D.G. Khan,220,215,5,approved,2026-05-26T03:40:31.254Z
6a1515f0443f22e2e1cd69bc,Eggs,Meat & Eggs,dozen,Sheikhupura,239,233,6,approved,2026-05-26T03:39:28.240Z
6a1514f6443f22e2e1cd68f1,Eggs,Meat & Eggs,dozen,Sahiwal,239,235,4,approved,2026-05-26T03:35:18.614Z
6a15143c443f22e2e1cd683c,Eggs,Meat & Eggs,dozen,Bhakkar,230,228,2,approved,2026-05-26T03:32:12.131Z
6a1513fb443f22e2e1cd67c9,Eggs,Meat & Eggs,dozen,Chiniot,239,220,19,approved,2026-05-26T03:31:07.969Z
6a15133b443f22e2e1cd6742,Eggs,Meat & Eggs,dozen,Rajanpur,220,215,5,approved,2026-05-26T03:27:55.548Z
6a15125d443f22e2e1cd666a,Eggs,Meat & Eggs,dozen,Okara,239,234,5,approved,2026-05-26T03:24:13.558Z
6a15125b443f22e2e1cd6610,Eggs,Meat & Eggs,dozen,Khanewal,220,210,10,approved,2026-05-26T03:24:11.362Z
6a1511d7443f22e2e1cd65c7,Eggs,Meat & Eggs,dozen,Bahawalpur,220,215,5,approved,2026-05-26T03:21:59.496Z
6a15111d443f22e2e1cd64da,Eggs,Meat & Eggs,dozen,Lodhran,220,218,2,approved,2026-05-26T03:18:53.386Z
6a151078443f22e2e1cd6455,Eggs,Meat & Eggs,dozen,Wazirabad,239,234,5,approved,2026-05-26T03:16:08.501Z
6a150f4b443f22e2e1cd63af,Eggs,Meat & Eggs,dozen,Lahore,239,234,5,approved,2026-05-26T03:11:07.403Z
6a150ee7443f22e2e1cd6333,Eggs,Meat & Eggs,dozen,Rawalpindi,240,235,5,approved,2026-05-26T03:09:27.085Z
6a150ee1443f22e2e1cd62db,Eggs,Meat & Eggs,dozen,Gujrat,239,237,2,approved,2026-05-26T03:09:21.273Z
6a150e21443f22e2e1cd6225,Eggs,Meat & Eggs,dozen,Taunsa-Sharif,220,218,2,approved,2026-05-26T03:06:09.475Z
6a150e17443f22e2e1cd6167,Eggs,Meat & Eggs,dozen,Jhang,239,234,5,approved,2026-05-26T03:05:59.315Z
6a150d99443f22e2e1cd60ee,Eggs,Meat & Eggs,dozen,Multan,221,216,5,approved,2026-05-26T03:03:53.318Z
6a150be0443f22e2e1cd6015,Eggs,Meat & Eggs,dozen,Gujranwala,239,235,4,approved,2026-05-26T02:56:32.096Z
6a1503cc443f22e2e1cd5ee8,Eggs,Meat & Eggs,dozen,Sargodha,239,234,5,approved,2026-05-26T02:22:04.382Z
6a151f2c443f22e2e1cd70ba,Atta 10 kg,Grains,10kg,Chakwal,1100,1090,10,approved,2026-05-26T05:51:28.673Z
6a151ca8443f22e2e1cd7018,Atta 10 kg,Grains,10kg,Toba-Tek-Singh,1100,1090,10,approved,2026-05-26T04:08:08.384Z
6a151a7c443f22e2e1cd6f98,Atta 10 kg,Grains,10kg,Sialkot,1100,1090,10,approved,2026-05-26T03:58:52.945Z
6a15199e443f22e2e1cd6e85,Atta 10 kg,Grains,10kg,Kasur,1100,1090,10,approved,2026-05-26T03:55:10.535Z
6a1518b0443f22e2e1cd6d72,Atta 10 kg,Grains,10kg,Faisalabad,1100,1090,10,approved,2026-05-26T03:51:12.576Z
6a151896443f22e2e1cd6d2e,Atta 10 kg,Grains,10kg,Pakpattan,1100,1090,10,approved,2026-05-26T03:50:46.557Z
6a151884443f22e2e1cd6cce,Atta 10 kg,Grains,10kg,Muzaffargarh,1100,1090,10,approved,2026-05-26T03:50:28.738Z
6a151842443f22e2e1cd6c50,Atta 10 kg,Grains,10kg,Layyah,1100,1090,10,approved,2026-05-26T03:49:22.343Z
6a1517cc443f22e2e1cd6ba8,Atta 10 kg,Grains,10kg,Khushab,1100,1090,10,approved,2026-05-26T03:47:24.712Z
6a151797443f22e2e1cd6b0e,Atta 10 kg,Grains,10kg,Hafizabad,1100,1090,10,approved,2026-05-26T03:46:31.977Z
6a1516ff443f22e2e1cd6a8c,Atta 10 kg,Grains,10kg,Vehari,1100,1090,10,approved,2026-05-26T03:43:59.418Z
6a15162f443f22e2e1cd6a06,Atta 10 kg,Grains,10kg,D.G. Khan,1100,1090,10,approved,2026-05-26T03:40:31.262Z
6a1515f0443f22e2e1cd69be,Atta 10 kg,Grains,10kg,Sheikhupura,1100,1090,10,approved,2026-05-26T03:39:28.241Z
6a1514f6443f22e2e1cd68fb,Atta 10 kg,Grains,10kg,Sahiwal,1100,1090,10,approved,2026-05-26T03:35:18.633Z
6a15143c443f22e2e1cd684c,Atta 10 kg,Grains,10kg,Bhakkar,1100,1090,10,approved,2026-05-26T03:32:12.145Z
6a1513fb443f22e2e1cd67bb,Atta 10 kg,Grains,10kg,Chiniot,1100,1090,10,approved,2026-05-26T03:31:07.924Z
6a15133b443f22e2e1cd6726,Atta 10 kg,Grains,10kg,Rajanpur,1100,1090,10,approved,2026-05-26T03:27:55.511Z
6a15125d443f22e2e1cd6698,Atta 10 kg,Grains,10kg,Okara,1100,1090,10,approved,2026-05-26T03:24:13.624Z
6a15125b443f22e2e1cd6634,Atta 10 kg,Grains,10kg,Khanewal,1100,1090,10,approved,2026-05-26T03:24:11.416Z
6a1511d7443f22e2e1cd65d1,Atta 10 kg,Grains,10kg,Bahawalpur,1100,1090,10,approved,2026-05-26T03:21:59.509Z
6a15111d443f22e2e1cd64f0,Atta 10 kg,Grains,10kg,Lodhran,1100,1090,10,approved,2026-05-26T03:18:53.433Z
6a151078443f22e2e1cd6463,Atta 10 kg,Grains,10kg,Wazirabad,1100,1090,10,approved,2026-05-26T03:16:08.513Z
6a150f4b443f22e2e1cd63b5,Atta 10 kg,Grains,10kg,Lahore,1100,1090,10,approved,2026-05-26T03:11:07.407Z
6a150ee7443f22e2e1cd6315,Atta 10 kg,Grains,10kg,Rawalpindi,1100,1090,10,approved,2026-05-26T03:09:27.032Z
6a150ee1443f22e2e1cd62b7,Atta 10 kg,Grains,10kg,Gujrat,1100,1090,10,approved,2026-05-26T03:09:21.225Z
6a150e21443f22e2e1cd6207,Atta 10 kg,Grains,10kg,Taunsa-Sharif,1100,1090,10,approved,2026-05-26T03:06:09.438Z
6a150e17443f22e2e1cd613f,Atta 10 kg,Grains,10kg,Jhang,1100,1090,10,approved,2026-05-26T03:05:59.276Z
6a150d99443f22e2e1cd60c4,Atta 10 kg,Grains,10kg,Multan,1100,1090,10,approved,2026-05-26T03:03:53.269Z
6a150be0443f22e2e1cd6005,Atta 10 kg,Grains,10kg,Gujranwala,1100,1090,10,approved,2026-05-26T02:56:32.081Z
6a150800443f22e2e1cd5f44,Atta 10 kg,Grains,10kg,Mianwali,1100,1090,10,approved,2026-05-26T02:40:00.182Z
6a1503cc443f22e2e1cd5f04,Atta 10 kg,Grains,10kg,Sargodha,1100,1090,10,approved,2026-05-26T02:22:04.425Z
6a151f2c443f22e2e1cd70b2,Garam Flour (Basin),Grains,kg,Chakwal,225,220,5,approved,2026-05-26T04:18:52.651Z
6a151ca8443f22e2e1cd7048,Garam Flour (Basin),Grains,kg,Toba-Tek-Singh,210,205,5,approved,2026-05-26T04:08:08.442Z
6a151a7c443f22e2e1cd6f6e,Garam Flour (Basin),Grains,kg,Sialkot,215,213,2,approved,2026-05-26T03:58:52.903Z
6a15199e443f22e2e1cd6eaf,Garam Flour (Basin),Grains,kg,Kasur,225,220,5,approved,2026-05-26T03:55:10.582Z
6a1518b0443f22e2e1cd6d96,Garam Flour (Basin),Grains,kg,Faisalabad,198,195,3,approved,2026-05-26T03:51:12.631Z
6a151896443f22e2e1cd6d3e,Garam Flour (Basin),Grains,kg,Pakpattan,205,203,2,approved,2026-05-26T03:50:46.573Z
6a151884443f22e2e1cd6c9c,Garam Flour (Basin),Grains,kg,Muzaffargarh,205,203,2,approved,2026-05-26T03:50:28.666Z
6a151842443f22e2e1cd6c36,Garam Flour (Basin),Grains,kg,Layyah,210,208,2,approved,2026-05-26T03:49:22.324Z
6a1517cc443f22e2e1cd6ba2,Garam Flour (Basin),Grains,kg,Khushab,230,225,5,approved,2026-05-26T03:47:24.700Z
6a151798443f22e2e1cd6b48,Garam Flour (Basin),Grains,kg,Hafizabad,215,210,5,approved,2026-05-26T03:46:32.062Z
6a1516ff443f22e2e1cd6a7c,Garam Flour (Basin),Grains,kg,Vehari,210,205,5,approved,2026-05-26T03:43:59.376Z
6a15162f443f22e2e1cd6a14,Garam Flour (Basin),Grains,kg,D.G. Khan,215,212,3,approved,2026-05-26T03:40:31.271Z
6a1515f0443f22e2e1cd69b6,Garam Flour (Basin),Grains,kg,Sheikhupura,225,215,10,approved,2026-05-26T03:39:28.231Z
6a1514f6443f22e2e1cd68eb,Garam Flour (Basin),Grains,kg,Sahiwal,205,200,5,approved,2026-05-26T03:35:18.612Z
6a15143c443f22e2e1cd6840,Garam Flour (Basin),Grains,kg,Bhakkar,210,208,2,approved,2026-05-26T03:32:12.132Z
6a1513fc443f22e2e1cd67ef,Garam Flour (Basin),Grains,kg,Chiniot,210,205,5,approved,2026-05-26T03:31:08.018Z
6a15133b443f22e2e1cd6736,Garam Flour (Basin),Grains,kg,Rajanpur,205,203,2,approved,2026-05-26T03:27:55.536Z
6a15125d443f22e2e1cd6660,Garam Flour (Basin),Grains,kg,Okara,205,200,5,approved,2026-05-26T03:24:13.556Z
6a15125b443f22e2e1cd6612,Garam Flour (Basin),Grains,kg,Khanewal,205,200,5,approved,2026-05-26T03:24:11.362Z
6a1511d7443f22e2e1cd65d5,Garam Flour (Basin),Grains,kg,Bahawalpur,215,206,9,approved,2026-05-26T03:21:59.521Z
6a15111d443f22e2e1cd6506,Garam Flour (Basin),Grains,kg,Lodhran,205,200,5,approved,2026-05-26T03:18:53.477Z
6a151078443f22e2e1cd642d,Garam Flour (Basin),Grains,kg,Wazirabad,215,210,5,approved,2026-05-26T03:16:08.440Z
6a150f4b443f22e2e1cd639f,Garam Flour (Basin),Grains,kg,Lahore,220,215,5,approved,2026-05-26T03:11:07.374Z
6a150ee7443f22e2e1cd634d,Garam Flour (Basin),Grains,kg,Rawalpindi,230,225,5,approved,2026-05-26T03:09:27.136Z
6a150ee1443f22e2e1cd62c1,Garam Flour (Basin),Grains,kg,Gujrat,215,210,5,approved,2026-05-26T03:09:21.230Z
6a150e21443f22e2e1cd6205,Garam Flour (Basin),Grains,kg,Taunsa-Sharif,215,213,2,approved,2026-05-26T03:06:09.434Z
6a150e17443f22e2e1cd613d,Garam Flour (Basin),Grains,kg,Jhang,200,195,5,approved,2026-05-26T03:05:59.275Z
6a150d99443f22e2e1cd60f2,Garam Flour (Basin),Grains,kg,Multan,203,201,2,approved,2026-05-26T03:03:53.326Z
6a150be0443f22e2e1cd6039,Garam Flour (Basin),Grains,kg,Gujranwala,210,205,5,approved,2026-05-26T02:56:32.139Z
6a150800443f22e2e1cd5f42,Garam Flour (Basin),Grains,kg,Mianwali,230,225,5,approved,2026-05-26T02:40:00.182Z
6a1503cc443f22e2e1cd5ec6,Garam Flour (Basin),Grains,kg,Sargodha,205,200,5,approved,2026-05-26T02:22:04.313Z
6a151f2c443f22e2e1cd70b8,Sugar,Grains,kg,Chakwal,155,145,10,approved,2026-05-26T05:51:28.674Z
6a1511d7443f22e2e1cd65cd,Sugar,Grains,kg,Bahawalpur,155,145,10,approved,2026-05-26T05:04:57.901Z
6a1503cc443f22e2e1cd5ece,Sugar,Grains,kg,Sargodha,155,145,10,approved,2026-05-26T04:51:01.317Z
6a151ca8443f22e2e1cd702c,Sugar,Grains,kg,Toba-Tek-Singh,155,145,10,approved,2026-05-26T04:08:08.394Z
6a151a7c443f22e2e1cd6f80,Sugar,Grains,kg,Sialkot,155,145,10,approved,2026-05-26T03:58:52.908Z
6a15199e443f22e2e1cd6e79,Sugar,Grains,kg,Kasur,155,145,10,approved,2026-05-26T03:55:10.510Z
6a1518b0443f22e2e1cd6d9a,Sugar,Grains,kg,Faisalabad,155,145,10,approved,2026-05-26T03:51:12.635Z
6a151896443f22e2e1cd6cfe,Sugar,Grains,kg,Pakpattan,155,145,10,approved,2026-05-26T03:50:46.465Z
6a151884443f22e2e1cd6c96,Sugar,Grains,kg,Muzaffargarh,155,145,10,approved,2026-05-26T03:50:28.663Z
6a151842443f22e2e1cd6c3c,Sugar,Grains,kg,Layyah,155,145,10,approved,2026-05-26T03:49:22.327Z
6a1517cc443f22e2e1cd6bae,Sugar,Grains,kg,Khushab,155,145,10,approved,2026-05-26T03:47:24.725Z
6a151798443f22e2e1cd6b44,Sugar,Grains,kg,Hafizabad,155,150,5,approved,2026-05-26T03:46:32.045Z
6a1516ff443f22e2e1cd6a94,Sugar,Grains,kg,Vehari,155,145,10,approved,2026-05-26T03:43:59.422Z
6a15162f443f22e2e1cd6a02,Sugar,Grains,kg,D.G. Khan,155,145,10,approved,2026-05-26T03:40:31.260Z
6a1515f0443f22e2e1cd6992,Sugar,Grains,kg,Sheikhupura,155,145,10,approved,2026-05-26T03:39:28.184Z
6a1514f6443f22e2e1cd6927,Sugar,Grains,kg,Sahiwal,155,145,10,approved,2026-05-26T03:35:18.671Z
6a15143c443f22e2e1cd6878,Sugar,Grains,kg,Bhakkar,155,145,10,approved,2026-05-26T03:32:12.198Z
6a1513fb443f22e2e1cd67d7,Sugar,Grains,kg,Chiniot,155,145,10,approved,2026-05-26T03:31:07.974Z
6a15133b443f22e2e1cd6716,Sugar,Grains,kg,Rajanpur,155,145,10,approved,2026-05-26T03:27:55.506Z
6a15125d443f22e2e1cd66a0,Sugar,Grains,kg,Okara,155,145,10,approved,2026-05-26T03:24:13.636Z
6a15125b443f22e2e1cd660e,Sugar,Grains,kg,Khanewal,155,145,10,approved,2026-05-26T03:24:11.361Z
6a15111d443f22e2e1cd64dc,Sugar,Grains,kg,Lodhran,155,145,10,approved,2026-05-26T03:18:53.386Z
6a151078443f22e2e1cd643b,Sugar,Grains,kg,Wazirabad,155,145,10,approved,2026-05-26T03:16:08.455Z
6a150f4b443f22e2e1cd63a1,Sugar,Grains,kg,Lahore,155,145,10,approved,2026-05-26T03:11:07.380Z
6a150ee7443f22e2e1cd634f,Sugar,Grains,kg,Rawalpindi,155,145,10,approved,2026-05-26T03:09:27.136Z
6a150ee1443f22e2e1cd62e5,Sugar,Grains,kg,Gujrat,155,145,10,approved,2026-05-26T03:09:21.279Z
6a150e21443f22e2e1cd623b,Sugar,Grains,kg,Taunsa-Sharif,155,145,10,approved,2026-05-26T03:06:09.495Z
6a150e17443f22e2e1cd614d,Sugar,Grains,kg,Jhang,155,145,10,approved,2026-05-26T03:05:59.286Z
6a150d99443f22e2e1cd60b2,Sugar,Grains,kg,Multan,155,145,10,approved,2026-05-26T03:03:53.248Z
6a150be0443f22e2e1cd603f,Sugar,Grains,kg,Gujranwala,155,145,10,approved,2026-05-26T02:56:32.147Z
6a150800443f22e2e1cd5f4e,Sugar,Grains,kg,Mianwali,155,145,10,approved,2026-05-26T02:40:00.187Z
6a151f2c443f22e2e1cd70c0,Garam Pulse,Pulses,kg,Chakwal,210,200,10,approved,2026-05-26T04:18:52.661Z
6a151ca8443f22e2e1cd701a,Garam Pulse,Pulses,kg,Toba-Tek-Singh,210,205,5,approved,2026-05-26T04:08:08.385Z
6a151a7c443f22e2e1cd6fae,Garam Pulse,Pulses,kg,Sialkot,215,213,2,approved,2026-05-26T03:58:52.987Z
6a15199e443f22e2e1cd6eb3,Garam Pulse,Pulses,kg,Kasur,240,235,5,approved,2026-05-26T03:55:10.588Z
6a1518b0443f22e2e1cd6d66,Garam Pulse,Pulses,kg,Faisalabad,204,200,4,approved,2026-05-26T03:51:12.540Z
6a151896443f22e2e1cd6d36,Garam Pulse,Pulses,kg,Pakpattan,205,203,2,approved,2026-05-26T03:50:46.561Z
6a151884443f22e2e1cd6c9a,Garam Pulse,Pulses,kg,Muzaffargarh,197,195,2,approved,2026-05-26T03:50:28.665Z
6a151842443f22e2e1cd6c5e,Garam Pulse,Pulses,kg,Layyah,220,218,2,approved,2026-05-26T03:49:22.366Z
6a1517cc443f22e2e1cd6b76,Garam Pulse,Pulses,kg,Khushab,220,215,5,approved,2026-05-26T03:47:24.655Z
6a151798443f22e2e1cd6b24,Garam Pulse,Pulses,kg,Hafizabad,205,200,5,approved,2026-05-26T03:46:32.004Z
6a1516ff443f22e2e1cd6ab8,Garam Pulse,Pulses,kg,Vehari,200,198,2,approved,2026-05-26T03:43:59.483Z
6a15162f443f22e2e1cd6a0c,Garam Pulse,Pulses,kg,D.G. Khan,210,205,5,approved,2026-05-26T03:40:31.265Z
6a1515f0443f22e2e1cd69a2,Garam Pulse,Pulses,kg,Sheikhupura,220,210,10,approved,2026-05-26T03:39:28.193Z
6a1514f6443f22e2e1cd68f9,Garam Pulse,Pulses,kg,Sahiwal,205,200,5,approved,2026-05-26T03:35:18.622Z
6a15143c443f22e2e1cd685e,Garam Pulse,Pulses,kg,Bhakkar,215,213,2,approved,2026-05-26T03:32:12.175Z
6a1513fb443f22e2e1cd67c3,Garam Pulse,Pulses,kg,Chiniot,215,210,5,approved,2026-05-26T03:31:07.927Z
6a15133b443f22e2e1cd6718,Garam Pulse,Pulses,kg,Rajanpur,200,198,2,approved,2026-05-26T03:27:55.507Z
6a15125d443f22e2e1cd667c,Garam Pulse,Pulses,kg,Okara,205,200,5,approved,2026-05-26T03:24:13.585Z
6a15125b443f22e2e1cd6602,Garam Pulse,Pulses,kg,Khanewal,215,210,5,approved,2026-05-26T03:24:11.326Z
6a1511d7443f22e2e1cd65af,Garam Pulse,Pulses,kg,Bahawalpur,212,202,10,approved,2026-05-26T03:21:59.453Z
6a15111d443f22e2e1cd64d4,Garam Pulse,Pulses,kg,Lodhran,200,195,5,approved,2026-05-26T03:18:53.384Z
6a151078443f22e2e1cd6429,Garam Pulse,Pulses,kg,Wazirabad,210,205,5,approved,2026-05-26T03:16:08.426Z
6a150f4b443f22e2e1cd63cf,Garam Pulse,Pulses,kg,Lahore,220,215,5,approved,2026-05-26T03:11:07.459Z
6a150ee7443f22e2e1cd631d,Garam Pulse,Pulses,kg,Rawalpindi,235,230,5,approved,2026-05-26T03:09:27.070Z
6a150ee1443f22e2e1cd62b1,Garam Pulse,Pulses,kg,Gujrat,210,205,5,approved,2026-05-26T03:09:21.223Z
6a150e21443f22e2e1cd6237,Garam Pulse,Pulses,kg,Taunsa-Sharif,210,208,2,approved,2026-05-26T03:06:09.489Z
6a150e17443f22e2e1cd616b,Garam Pulse,Pulses,kg,Jhang,200,195,5,approved,2026-05-26T03:05:59.317Z
6a150d99443f22e2e1cd60e8,Garam Pulse,Pulses,kg,Multan,196,194,2,approved,2026-05-26T03:03:53.315Z
6a150be0443f22e2e1cd6007,Garam Pulse,Pulses,kg,Gujranwala,210,205,5,approved,2026-05-26T02:56:32.082Z
6a150800443f22e2e1cd5f3e,Garam Pulse,Pulses,kg,Mianwali,220,215,5,approved,2026-05-26T02:40:00.143Z
6a1503cc443f22e2e1cd5ecc,Garam Pulse,Pulses,kg,Sargodha,210,205,5,approved,2026-05-26T02:22:04.332Z
6a151078443f22e2e1cd6439,Garlic,Vegetables,kg,Wazirabad,385,380,5,approved,2026-05-26T04:54:57.038Z
6a151842443f22e2e1cd6c38,Garlic,Vegetables,kg,Layyah,360,355,5,approved,2026-05-26T04:41:16.679Z
6a151f2c443f22e2e1cd70e6,Garlic,Vegetables,kg,Chakwal,380,370,10,approved,2026-05-26T04:18:52.715Z
6a151ca8443f22e2e1cd7044,Garlic,Vegetables,kg,Toba-Tek-Singh,380,375,5,approved,2026-05-26T04:08:08.440Z
6a151a7c443f22e2e1cd6f7c,Garlic,Vegetables,kg,Sialkot,385,383,2,approved,2026-05-26T03:58:52.907Z
6a15199e443f22e2e1cd6e81,Garlic,Vegetables,kg,Kasur,380,375,5,approved,2026-05-26T03:55:10.514Z
6a1518b0443f22e2e1cd6d9e,Garlic,Vegetables,kg,Faisalabad,380,375,5,approved,2026-05-26T03:51:12.643Z
6a151896443f22e2e1cd6d06,Garlic,Vegetables,kg,Pakpattan,260,258,2,approved,2026-05-26T03:50:46.467Z
6a151884443f22e2e1cd6ca8,Garlic,Vegetables,kg,Muzaffargarh,190,188,2,approved,2026-05-26T03:50:28.682Z
6a1517cc443f22e2e1cd6b70,Garlic,Vegetables,kg,Khushab,400,390,10,approved,2026-05-26T03:47:24.653Z
6a151797443f22e2e1cd6b08,Garlic,Vegetables,kg,Hafizabad,475,465,10,approved,2026-05-26T03:46:31.975Z
6a1516ff443f22e2e1cd6a7e,Garlic,Vegetables,kg,Vehari,220,218,2,approved,2026-05-26T03:43:59.377Z
6a15162f443f22e2e1cd6a24,Garlic,Vegetables,kg,D.G. Khan,480,478,2,approved,2026-05-26T03:40:31.318Z
6a1515f0443f22e2e1cd699c,Garlic,Vegetables,kg,Sheikhupura,375,370,5,approved,2026-05-26T03:39:28.190Z
6a1514f6443f22e2e1cd690b,Garlic,Vegetables,kg,Sahiwal,260,255,5,approved,2026-05-26T03:35:18.651Z
6a15143c443f22e2e1cd6842,Garlic,Vegetables,kg,Bhakkar,400,395,5,approved,2026-05-26T03:32:12.133Z
6a1513fb443f22e2e1cd67cb,Garlic,Vegetables,kg,Chiniot,380,370,10,approved,2026-05-26T03:31:07.970Z
6a15133b443f22e2e1cd671c,Garlic,Vegetables,kg,Rajanpur,220,218,2,approved,2026-05-26T03:27:55.508Z
6a15125d443f22e2e1cd666c,Garlic,Vegetables,kg,Okara,260,250,10,approved,2026-05-26T03:24:13.559Z
6a15125b443f22e2e1cd6620,Garlic,Vegetables,kg,Khanewal,215,210,5,approved,2026-05-26T03:24:11.388Z
6a1511d7443f22e2e1cd65a3,Garlic,Vegetables,kg,Bahawalpur,220,218,2,approved,2026-05-26T03:21:59.448Z
6a15111d443f22e2e1cd64f6,Garlic,Vegetables,kg,Lodhran,215,210,5,approved,2026-05-26T03:18:53.437Z
6a150f4b443f22e2e1cd6393,Garlic,Vegetables,kg,Lahore,380,375,5,approved,2026-05-26T03:11:07.364Z
6a150ee7443f22e2e1cd6341,Garlic,Vegetables,kg,Rawalpindi,380,375,5,approved,2026-05-26T03:09:27.118Z
6a150ee1443f22e2e1cd62e9,Garlic,Vegetables,kg,Gujrat,396,391,5,approved,2026-05-26T03:09:21.288Z
6a150e21443f22e2e1cd6203,Garlic,Vegetables,kg,Taunsa-Sharif,500,495,5,approved,2026-05-26T03:06:09.431Z
6a150e17443f22e2e1cd613b,Garlic,Vegetables,kg,Jhang,380,375,5,approved,2026-05-26T03:05:59.275Z
6a150d99443f22e2e1cd60b6,Garlic,Vegetables,kg,Multan,215,210,5,approved,2026-05-26T03:03:53.250Z
6a150be0443f22e2e1cd6003,Garlic,Vegetables,kg,Gujranwala,385,380,5,approved,2026-05-26T02:56:32.081Z
6a150800443f22e2e1cd5f6a,Garlic,Vegetables,kg,Mianwali,380,375,5,approved,2026-05-26T02:40:00.229Z
6a1503cc443f22e2e1cd5eca,Garlic,Vegetables,kg,Sargodha,380,375,5,approved,2026-05-26T02:22:04.315Z
6a151ca8443f22e2e1cd704e,Kaddu,Vegetables,kg,Toba-Tek-Singh,40,35,5,approved,2026-05-26T05:26:49.090Z
6a151f2c443f22e2e1cd70d4,Kaddu,Vegetables,kg,Chakwal,60,55,5,approved,2026-05-26T04:18:52.695Z
6a151a7c443f22e2e1cd6fa8,Kaddu,Vegetables,kg,Sialkot,48,46,2,approved,2026-05-26T03:58:52.958Z
6a15199e443f22e2e1cd6e7d,Kaddu,Vegetables,kg,Kasur,24,22,2,approved,2026-05-26T03:55:10.512Z
6a1518b0443f22e2e1cd6d7e,Kaddu,Vegetables,kg,Faisalabad,40,35,5,approved,2026-05-26T03:51:12.591Z
6a151896443f22e2e1cd6d0c,Kaddu,Vegetables,kg,Pakpattan,20,18,2,approved,2026-05-26T03:50:46.511Z
6a151884443f22e2e1cd6cae,Kaddu,Vegetables,kg,Muzaffargarh,45,43,2,approved,2026-05-26T03:50:28.686Z
6a151842443f22e2e1cd6c46,Kaddu,Vegetables,kg,Layyah,30,28,2,approved,2026-05-26T03:49:22.330Z
6a1517cc443f22e2e1cd6bac,Kaddu,Vegetables,kg,Khushab,30,25,5,approved,2026-05-26T03:47:24.725Z
6a151798443f22e2e1cd6b28,Kaddu,Vegetables,kg,Hafizabad,20,18,2,approved,2026-05-26T03:46:32.012Z
6a1516ff443f22e2e1cd6aac,Kaddu,Vegetables,kg,Vehari,40,38,2,approved,2026-05-26T03:43:59.469Z
6a15162f443f22e2e1cd6a10,Kaddu,Vegetables,kg,D.G. Khan,30,28,2,approved,2026-05-26T03:40:31.267Z
6a1515f0443f22e2e1cd69c4,Kaddu,Vegetables,kg,Sheikhupura,38,36,2,approved,2026-05-26T03:39:28.249Z
6a1514f6443f22e2e1cd68ed,Kaddu,Vegetables,kg,Sahiwal,20,18,2,approved,2026-05-26T03:35:18.612Z
6a15143c443f22e2e1cd6862,Kaddu,Vegetables,kg,Bhakkar,65,63,2,approved,2026-05-26T03:32:12.178Z
6a1513fb443f22e2e1cd67bd,Kaddu,Vegetables,kg,Chiniot,40,35,5,approved,2026-05-26T03:31:07.925Z
6a15133b443f22e2e1cd674a,Kaddu,Vegetables,kg,Rajanpur,35,33,2,approved,2026-05-26T03:27:55.563Z
6a15125d443f22e2e1cd6666,Kaddu,Vegetables,kg,Okara,20,18,2,approved,2026-05-26T03:24:13.557Z
6a15125b443f22e2e1cd65fe,Kaddu,Vegetables,kg,Khanewal,30,38,-8,approved,2026-05-26T03:24:11.320Z
6a1511d7443f22e2e1cd6599,Kaddu,Vegetables,kg,Bahawalpur,40,38,2,approved,2026-05-26T03:21:59.407Z
6a15111d443f22e2e1cd6502,Kaddu,Vegetables,kg,Lodhran,30,28,2,approved,2026-05-26T03:18:53.465Z
6a151078443f22e2e1cd645b,Kaddu,Vegetables,kg,Wazirabad,44,42,2,approved,2026-05-26T03:16:08.505Z
6a150f4b443f22e2e1cd6395,Kaddu,Vegetables,kg,Lahore,40,38,2,approved,2026-05-26T03:11:07.365Z
6a150ee7443f22e2e1cd6317,Kaddu,Vegetables,kg,Rawalpindi,55,53,2,approved,2026-05-26T03:09:27.033Z
6a150ee1443f22e2e1cd62ab,Kaddu,Vegetables,kg,Gujrat,48,46,2,approved,2026-05-26T03:09:21.222Z
6a150e21443f22e2e1cd620b,Kaddu,Vegetables,kg,Taunsa-Sharif,30,28,2,approved,2026-05-26T03:06:09.447Z
6a150e17443f22e2e1cd6139,Kaddu,Vegetables,kg,Jhang,35,30,5,approved,2026-05-26T03:05:59.274Z
6a150d99443f22e2e1cd60e6,Kaddu,Vegetables,kg,Multan,20,18,2,approved,2026-05-26T03:03:53.312Z
6a150be0443f22e2e1cd6011,Kaddu,Vegetables,kg,Gujranwala,44,42,2,approved,2026-05-26T02:56:32.091Z
6a150800443f22e2e1cd5f72,Kaddu,Vegetables,kg,Mianwali,60,58,2,approved,2026-05-26T02:40:00.246Z
6a1503cc443f22e2e1cd5efc,Kaddu,Vegetables,kg,Sargodha,40,38,2,approved,2026-05-26T02:22:04.421Z
6a150800443f22e2e1cd5f6e,Lemon,Vegetables,kg,Mianwali,320,315,5,approved,2026-05-26T05:13:44.862Z
6a15133b443f22e2e1cd6722,Lemon,Vegetables,kg,Rajanpur,310,305,5,approved,2026-05-26T04:48:17.405Z
6a151f2c443f22e2e1cd70d6,Lemon,Vegetables,kg,Chakwal,350,340,10,approved,2026-05-26T04:18:52.696Z
6a151ca8443f22e2e1cd7032,Lemon,Vegetables,kg,Toba-Tek-Singh,320,315,5,approved,2026-05-26T04:08:08.397Z
6a151a7c443f22e2e1cd6fa2,Lemon,Vegetables,kg,Sialkot,290,288,2,approved,2026-05-26T03:58:52.952Z
6a15199e443f22e2e1cd6e87,Lemon,Vegetables,kg,Kasur,286,280,6,approved,2026-05-26T03:55:10.536Z
6a1518b0443f22e2e1cd6d7c,Lemon,Vegetables,kg,Faisalabad,350,340,10,approved,2026-05-26T03:51:12.587Z
6a151896443f22e2e1cd6d3a,Lemon,Vegetables,kg,Pakpattan,280,278,2,approved,2026-05-26T03:50:46.564Z
6a151884443f22e2e1cd6cd6,Lemon,Vegetables,kg,Muzaffargarh,460,458,2,approved,2026-05-26T03:50:28.746Z
6a151842443f22e2e1cd6c3a,Lemon,Vegetables,kg,Layyah,320,318,2,approved,2026-05-26T03:49:22.326Z
6a1517cc443f22e2e1cd6b72,Lemon,Vegetables,kg,Khushab,400,390,10,approved,2026-05-26T03:47:24.654Z
6a151798443f22e2e1cd6b26,Lemon,Vegetables,kg,Hafizabad,140,135,5,approved,2026-05-26T03:46:32.009Z
6a1516ff443f22e2e1cd6aa8,Lemon,Vegetables,kg,Vehari,395,390,5,approved,2026-05-26T03:43:59.466Z
6a15162f443f22e2e1cd69f4,Lemon,Vegetables,kg,D.G. Khan,350,348,2,approved,2026-05-26T03:40:31.254Z
6a1515f0443f22e2e1cd6990,Lemon,Vegetables,kg,Sheikhupura,275,270,5,approved,2026-05-26T03:39:28.184Z
6a1514f6443f22e2e1cd68fd,Lemon,Vegetables,kg,Sahiwal,280,275,5,approved,2026-05-26T03:35:18.637Z
6a15143c443f22e2e1cd6848,Lemon,Vegetables,kg,Bhakkar,220,215,5,approved,2026-05-26T03:32:12.144Z
6a1513fb443f22e2e1cd67bf,Lemon,Vegetables,kg,Chiniot,350,340,10,approved,2026-05-26T03:31:07.926Z
6a15125d443f22e2e1cd6664,Lemon,Vegetables,kg,Okara,280,275,5,approved,2026-05-26T03:24:13.557Z
6a15125b443f22e2e1cd6630,Lemon,Vegetables,kg,Khanewal,395,393,2,approved,2026-05-26T03:24:11.412Z
6a1511d7443f22e2e1cd65b5,Lemon,Vegetables,kg,Bahawalpur,340,338,2,approved,2026-05-26T03:21:59.461Z
6a15111d443f22e2e1cd64ea,Lemon,Vegetables,kg,Lodhran,395,390,5,approved,2026-05-26T03:18:53.430Z
6a151078443f22e2e1cd6453,Lemon,Vegetables,kg,Wazirabad,286,284,2,approved,2026-05-26T03:16:08.500Z
6a150f4b443f22e2e1cd63c7,Lemon,Vegetables,kg,Lahore,280,275,5,approved,2026-05-26T03:11:07.437Z
6a150ee7443f22e2e1cd631f,Lemon,Vegetables,kg,Rawalpindi,350,345,5,approved,2026-05-26T03:09:27.070Z
6a150ee1443f22e2e1cd62bb,Lemon,Vegetables,kg,Gujrat,286,281,5,approved,2026-05-26T03:09:21.226Z
6a150e21443f22e2e1cd61ff,Lemon,Vegetables,kg,Taunsa-Sharif,350,348,2,approved,2026-05-26T03:06:09.421Z
6a150e17443f22e2e1cd6135,Lemon,Vegetables,kg,Jhang,350,345,5,approved,2026-05-26T03:05:59.273Z
6a150d99443f22e2e1cd60c2,Lemon,Vegetables,kg,Multan,395,390,5,approved,2026-05-26T03:03:53.265Z
6a150be0443f22e2e1cd6009,Lemon,Vegetables,kg,Gujranwala,286,280,6,approved,2026-05-26T02:56:32.083Z
6a1503cc443f22e2e1cd5f00,Lemon,Vegetables,kg,Sargodha,350,340,10,approved,2026-05-26T02:22:04.423Z
6a151f2c443f22e2e1cd70be,Onion,Vegetables,kg,Chakwal,73,70,3,approved,2026-05-26T04:18:52.660Z
6a151ca8443f22e2e1cd7022,Onion,Vegetables,kg,Toba-Tek-Singh,75,70,5,approved,2026-05-26T04:08:08.389Z
6a151a7c443f22e2e1cd6f86,Onion,Vegetables,kg,Sialkot,75,73,2,approved,2026-05-26T03:58:52.935Z
6a15199e443f22e2e1cd6e7b,Onion,Vegetables,kg,Kasur,75,72,3,approved,2026-05-26T03:55:10.511Z
6a1518b0443f22e2e1cd6d84,Onion,Vegetables,kg,Faisalabad,73,70,3,approved,2026-05-26T03:51:12.602Z
6a151896443f22e2e1cd6d08,Onion,Vegetables,kg,Pakpattan,72,70,2,approved,2026-05-26T03:50:46.468Z
6a151884443f22e2e1cd6cd2,Onion,Vegetables,kg,Muzaffargarh,55,53,2,approved,2026-05-26T03:50:28.742Z
6a151842443f22e2e1cd6c30,Onion,Vegetables,kg,Layyah,60,58,2,approved,2026-05-26T03:49:22.323Z
6a1517cc443f22e2e1cd6b8e,Onion,Vegetables,kg,Khushab,70,67,3,approved,2026-05-26T03:47:24.666Z
6a151797443f22e2e1cd6b20,Onion,Vegetables,kg,Hafizabad,75,72,3,approved,2026-05-26T03:46:31.991Z
6a1516ff443f22e2e1cd6a8e,Onion,Vegetables,kg,Vehari,60,58,2,approved,2026-05-26T03:43:59.419Z
6a15162f443f22e2e1cd69f2,Onion,Vegetables,kg,D.G. Khan,55,53,2,approved,2026-05-26T03:40:31.253Z
6a1515f0443f22e2e1cd698a,Onion,Vegetables,kg,Sheikhupura,75,70,5,approved,2026-05-26T03:39:28.146Z
6a1514f6443f22e2e1cd68e9,Onion,Vegetables,kg,Sahiwal,72,70,2,approved,2026-05-26T03:35:18.612Z
6a15143c443f22e2e1cd6846,Onion,Vegetables,kg,Bhakkar,70,68,2,approved,2026-05-26T03:32:12.133Z
6a1513fb443f22e2e1cd67c7,Onion,Vegetables,kg,Chiniot,75,72,3,approved,2026-05-26T03:31:07.968Z
6a15133b443f22e2e1cd6724,Onion,Vegetables,kg,Rajanpur,55,53,2,approved,2026-05-26T03:27:55.511Z
6a15125d443f22e2e1cd6662,Onion,Vegetables,kg,Okara,72,70,2,approved,2026-05-26T03:24:13.557Z
6a15125b443f22e2e1cd6600,Onion,Vegetables,kg,Khanewal,60,58,2,approved,2026-05-26T03:24:11.322Z
6a1511d7443f22e2e1cd65a1,Onion,Vegetables,kg,Bahawalpur,45,43,2,approved,2026-05-26T03:21:59.448Z
6a15111d443f22e2e1cd64ee,Onion,Vegetables,kg,Lodhran,60,58,2,approved,2026-05-26T03:18:53.432Z
6a151078443f22e2e1cd6427,Onion,Vegetables,kg,Wazirabad,75,73,2,approved,2026-05-26T03:16:08.426Z
6a150f4b443f22e2e1cd639b,Onion,Vegetables,kg,Lahore,75,73,2,approved,2026-05-26T03:11:07.366Z
6a150ee7443f22e2e1cd632b,Onion,Vegetables,kg,Rawalpindi,75,73,2,approved,2026-05-26T03:09:27.077Z
6a150ee1443f22e2e1cd62dd,Onion,Vegetables,kg,Gujrat,75,73,2,approved,2026-05-26T03:09:21.273Z
6a150e21443f22e2e1cd61f5,Onion,Vegetables,kg,Taunsa-Sharif,60,58,2,approved,2026-05-26T03:06:09.419Z
6a150e17443f22e2e1cd616f,Onion,Vegetables,kg,Jhang,73,71,2,approved,2026-05-26T03:05:59.352Z
6a150d99443f22e2e1cd60b4,Onion,Vegetables,kg,Multan,60,58,2,approved,2026-05-26T03:03:53.249Z
6a150be0443f22e2e1cd6013,Onion,Vegetables,kg,Gujranwala,75,70,5,approved,2026-05-26T02:56:32.095Z
6a150800443f22e2e1cd5f48,Onion,Vegetables,kg,Mianwali,65,63,2,approved,2026-05-26T02:40:00.184Z
6a1503cc443f22e2e1cd5ec8,Onion,Vegetables,kg,Sargodha,70,65,5,approved,2026-05-26T02:22:04.314Z
6a151f2c443f22e2e1cd70b0,Potato,Vegetables,kg,Chakwal,22,20,2,approved,2026-05-26T04:18:52.650Z
6a151ca8443f22e2e1cd7016,Potato,Vegetables,kg,Toba-Tek-Singh,20,18,2,approved,2026-05-26T04:08:08.384Z
6a151a7c443f22e2e1cd6f78,Potato,Vegetables,kg,Sialkot,20,18,2,approved,2026-05-26T03:58:52.906Z
6a15199e443f22e2e1cd6e77,Potato,Vegetables,kg,Kasur,18,16,2,approved,2026-05-26T03:55:10.508Z
6a1518b0443f22e2e1cd6d68,Potato,Vegetables,kg,Faisalabad,20,18,2,approved,2026-05-26T03:51:12.541Z
6a151896443f22e2e1cd6d20,Potato,Vegetables,kg,Pakpattan,15,13,2,approved,2026-05-26T03:50:46.518Z
6a151884443f22e2e1cd6cba,Potato,Vegetables,kg,Muzaffargarh,48,46,2,approved,2026-05-26T03:50:28.714Z
6a151842443f22e2e1cd6c32,Potato,Vegetables,kg,Layyah,20,18,2,approved,2026-05-26T03:49:22.323Z
6a1517cc443f22e2e1cd6b78,Potato,Vegetables,kg,Khushab,40,38,2,approved,2026-05-26T03:47:24.656Z
6a151798443f22e2e1cd6b38,Potato,Vegetables,kg,Hafizabad,20,18,2,approved,2026-05-26T03:46:32.028Z
6a1516ff443f22e2e1cd6a78,Potato,Vegetables,kg,Vehari,15,13,2,approved,2026-05-26T03:43:59.375Z
6a15162f443f22e2e1cd6a08,Potato,Vegetables,kg,D.G. Khan,22,20,2,approved,2026-05-26T03:40:31.263Z
6a1515f0443f22e2e1cd69a6,Potato,Vegetables,kg,Sheikhupura,18,16,2,approved,2026-05-26T03:39:28.194Z
6a1514f6443f22e2e1cd691f,Potato,Vegetables,kg,Sahiwal,18,16,2,approved,2026-05-26T03:35:18.664Z
6a15143c443f22e2e1cd6860,Potato,Vegetables,kg,Bhakkar,20,18,2,approved,2026-05-26T03:32:12.177Z
6a1513fb443f22e2e1cd67db,Potato,Vegetables,kg,Chiniot,20,18,2,approved,2026-05-26T03:31:07.977Z
6a15133b443f22e2e1cd671a,Potato,Vegetables,kg,Rajanpur,44,42,2,approved,2026-05-26T03:27:55.508Z
6a15125d443f22e2e1cd6694,Potato,Vegetables,kg,Okara,18,16,2,approved,2026-05-26T03:24:13.612Z
6a15125b443f22e2e1cd661c,Potato,Vegetables,kg,Khanewal,16,14,2,approved,2026-05-26T03:24:11.384Z
6a1511d7443f22e2e1cd659d,Potato,Vegetables,kg,Bahawalpur,18,16,2,approved,2026-05-26T03:21:59.447Z
6a15111d443f22e2e1cd64d2,Potato,Vegetables,kg,Lodhran,16,14,2,approved,2026-05-26T03:18:53.383Z
6a151078443f22e2e1cd643f,Potato,Vegetables,kg,Wazirabad,20,18,2,approved,2026-05-26T03:16:08.456Z
6a150f4b443f22e2e1cd63bb,Potato,Vegetables,kg,Lahore,20,18,2,approved,2026-05-26T03:11:07.411Z
6a150ee7443f22e2e1cd6345,Potato,Vegetables,kg,Rawalpindi,22,20,2,approved,2026-05-26T03:09:27.125Z
6a150ee1443f22e2e1cd62d9,Potato,Vegetables,kg,Gujrat,20,18,2,approved,2026-05-26T03:09:21.272Z
6a150e21443f22e2e1cd61fd,Potato,Vegetables,kg,Taunsa-Sharif,22,20,2,approved,2026-05-26T03:06:09.421Z
6a150e17443f22e2e1cd6151,Potato,Vegetables,kg,Jhang,20,18,2,approved,2026-05-26T03:05:59.302Z
6a150d99443f22e2e1cd60b8,Potato,Vegetables,kg,Multan,16,14,2,approved,2026-05-26T03:03:53.250Z
6a150be0443f22e2e1cd6001,Potato,Vegetables,kg,Gujranwala,20,18,2,approved,2026-05-26T02:56:32.079Z
6a150800443f22e2e1cd5f52,Potato,Vegetables,kg,Mianwali,20,18,2,approved,2026-05-26T02:40:00.190Z
6a1503cc443f22e2e1cd5ee6,Potato,Vegetables,kg,Sargodha,20,18,2,approved,2026-05-26T02:22:04.380Z
6a151f2c443f22e2e1cd70aa,Tomato,Vegetables,kg,Chakwal,50,45,5,approved,2026-05-26T04:18:52.606Z
6a151ca8443f22e2e1cd7024,Tomato,Vegetables,kg,Toba-Tek-Singh,45,40,5,approved,2026-05-26T04:08:08.390Z
6a151a7c443f22e2e1cd6f82,Tomato,Vegetables,kg,Sialkot,45,43,2,approved,2026-05-26T03:58:52.931Z
6a15199e443f22e2e1cd6e83,Tomato,Vegetables,kg,Kasur,45,42,3,approved,2026-05-26T03:55:10.534Z
6a1518b0443f22e2e1cd6d8e,Tomato,Vegetables,kg,Faisalabad,44,42,2,approved,2026-05-26T03:51:12.615Z
6a151896443f22e2e1cd6d12,Tomato,Vegetables,kg,Pakpattan,44,42,2,approved,2026-05-26T03:50:46.514Z
6a151884443f22e2e1cd6cca,Tomato,Vegetables,kg,Muzaffargarh,58,56,2,approved,2026-05-26T03:50:28.735Z
6a151842443f22e2e1cd6c2e,Tomato,Vegetables,kg,Layyah,45,43,2,approved,2026-05-26T03:49:22.322Z
6a1517cc443f22e2e1cd6b7e,Tomato,Vegetables,kg,Khushab,50,47,3,approved,2026-05-26T03:47:24.658Z
6a151797443f22e2e1cd6b0a,Tomato,Vegetables,kg,Hafizabad,44,42,2,approved,2026-05-26T03:46:31.976Z
6a1516ff443f22e2e1cd6a96,Tomato,Vegetables,kg,Vehari,35,33,2,approved,2026-05-26T03:43:59.431Z
6a15162f443f22e2e1cd6a1c,Tomato,Vegetables,kg,D.G. Khan,45,43,2,approved,2026-05-26T03:40:31.297Z
6a1515f0443f22e2e1cd69a0,Tomato,Vegetables,kg,Sheikhupura,45,40,5,approved,2026-05-26T03:39:28.192Z
6a1514f6443f22e2e1cd68ef,Tomato,Vegetables,kg,Sahiwal,44,42,2,approved,2026-05-26T03:35:18.613Z
6a15143c443f22e2e1cd684a,Tomato,Vegetables,kg,Bhakkar,44,42,2,approved,2026-05-26T03:32:12.145Z
6a1513fc443f22e2e1cd67eb,Tomato,Vegetables,kg,Chiniot,45,43,2,approved,2026-05-26T03:31:08.016Z
6a15133b443f22e2e1cd671e,Tomato,Vegetables,kg,Rajanpur,46,44,2,approved,2026-05-26T03:27:55.509Z
6a15125d443f22e2e1cd6668,Tomato,Vegetables,kg,Okara,44,42,2,approved,2026-05-26T03:24:13.558Z
6a1511d7443f22e2e1cd6595,Tomato,Vegetables,kg,Bahawalpur,35,33,2,approved,2026-05-26T03:21:59.402Z
6a15111d443f22e2e1cd6512,Tomato,Vegetables,kg,Lodhran,35,33,2,approved,2026-05-26T03:18:53.491Z
6a151078443f22e2e1cd6423,Tomato,Vegetables,kg,Wazirabad,45,43,2,approved,2026-05-26T03:16:08.424Z
6a150f4b443f22e2e1cd63a3,Tomato,Vegetables,kg,Lahore,45,43,2,approved,2026-05-26T03:11:07.381Z
6a150ee7443f22e2e1cd6349,Tomato,Vegetables,kg,Rawalpindi,50,48,2,approved,2026-05-26T03:09:27.130Z
6a150ee1443f22e2e1cd62b3,Tomato,Vegetables,kg,Gujrat,45,43,2,approved,2026-05-26T03:09:21.224Z
6a150e21443f22e2e1cd6209,Tomato,Vegetables,kg,Taunsa-Sharif,45,43,2,approved,2026-05-26T03:06:09.440Z
6a150e17443f22e2e1cd6141,Tomato,Vegetables,kg,Jhang,44,42,2,approved,2026-05-26T03:05:59.276Z
6a150d99443f22e2e1cd60c0,Tomato,Vegetables,kg,Multan,35,33,2,approved,2026-05-26T03:03:53.263Z
6a150be0443f22e2e1cd6033,Tomato,Vegetables,kg,Gujranwala,45,40,5,approved,2026-05-26T02:56:32.127Z
6a150800443f22e2e1cd5f7a,Tomato,Vegetables,kg,Mianwali,44,42,2,approved,2026-05-26T02:40:00.251Z
6a1503cc443f22e2e1cd5ec4,Tomato,Vegetables,kg,Sargodha,44,42,2,approved,2026-05-26T02:22:04.306Z
6a151f2c443f22e2e1cd70b6,Apple,Fruits,kg,Chakwal,370,360,10,approved,2026-05-26T04:18:52.655Z
6a151ca8443f22e2e1cd7010,Apple,Fruits,kg,Toba-Tek-Singh,420,415,5,approved,2026-05-26T04:08:08.382Z
6a151a7c443f22e2e1cd6f7a,Apple,Fruits,kg,Sialkot,400,390,10,approved,2026-05-26T03:58:52.907Z
6a15199e443f22e2e1cd6eab,Apple,Fruits,kg,Kasur,377,370,7,approved,2026-05-26T03:55:10.571Z
6a1518b0443f22e2e1cd6d6e,Apple,Fruits,kg,Faisalabad,420,410,10,approved,2026-05-26T03:51:12.543Z
6a151896443f22e2e1cd6d00,Apple,Fruits,kg,Pakpattan,370,365,5,approved,2026-05-26T03:50:46.466Z
6a151884443f22e2e1cd6cac,Apple,Fruits,kg,Muzaffargarh,430,425,5,approved,2026-05-26T03:50:28.685Z
6a151842443f22e2e1cd6c64,Apple,Fruits,kg,Layyah,380,378,2,approved,2026-05-26T03:49:22.370Z
6a1517cc443f22e2e1cd6b74,Apple,Fruits,kg,Khushab,400,395,5,approved,2026-05-26T03:47:24.655Z
6a151797443f22e2e1cd6b0c,Apple,Fruits,kg,Hafizabad,440,430,10,approved,2026-05-26T03:46:31.976Z
6a1516ff443f22e2e1cd6a88,Apple,Fruits,kg,Vehari,550,545,5,approved,2026-05-26T03:43:59.387Z
6a15162f443f22e2e1cd69ee,Apple,Fruits,kg,D.G. Khan,400,398,2,approved,2026-05-26T03:40:31.216Z
6a1515f0443f22e2e1cd698c,Apple,Fruits,kg,Sheikhupura,365,360,5,approved,2026-05-26T03:39:28.182Z
6a1514f6443f22e2e1cd68e7,Apple,Fruits,kg,Sahiwal,370,365,5,approved,2026-05-26T03:35:18.611Z
6a15143c443f22e2e1cd687c,Apple,Fruits,kg,Bhakkar,370,365,5,approved,2026-05-26T03:32:12.228Z
6a1513fc443f22e2e1cd67f3,Apple,Fruits,kg,Chiniot,420,410,10,approved,2026-05-26T03:31:08.020Z
6a15133b443f22e2e1cd6728,Apple,Fruits,kg,Rajanpur,447,440,7,approved,2026-05-26T03:27:55.511Z
6a15125d443f22e2e1cd6690,Apple,Fruits,kg,Okara,370,360,10,approved,2026-05-26T03:24:13.606Z
6a15125b443f22e2e1cd6638,Apple,Fruits,kg,Khanewal,400,395,5,approved,2026-05-26T03:24:11.417Z
6a1511d7443f22e2e1cd6597,Apple,Fruits,kg,Bahawalpur,400,398,2,approved,2026-05-26T03:21:59.403Z
6a15111d443f22e2e1cd650a,Apple,Fruits,kg,Lodhran,400,395,5,approved,2026-05-26T03:18:53.480Z
6a151078443f22e2e1cd6445,Apple,Fruits,kg,Wazirabad,400,390,10,approved,2026-05-26T03:16:08.480Z
6a150f4b443f22e2e1cd63cb,Apple,Fruits,kg,Lahore,370,365,5,approved,2026-05-26T03:11:07.440Z
6a150ee7443f22e2e1cd631b,Apple,Fruits,kg,Rawalpindi,410,405,5,approved,2026-05-26T03:09:27.037Z
6a150ee1443f22e2e1cd62af,Apple,Fruits,kg,Gujrat,420,415,5,approved,2026-05-26T03:09:21.223Z
6a150e21443f22e2e1cd6201,Apple,Fruits,kg,Taunsa-Sharif,400,398,2,approved,2026-05-26T03:06:09.430Z
6a150e17443f22e2e1cd6133,Apple,Fruits,kg,Jhang,420,415,5,approved,2026-05-26T03:05:59.273Z
6a150d99443f22e2e1cd60bc,Apple,Fruits,kg,Multan,400,395,5,approved,2026-05-26T03:03:53.251Z
6a150be0443f22e2e1cd600d,Apple,Fruits,kg,Gujranwala,400,395,5,approved,2026-05-26T02:56:32.085Z
6a150800443f22e2e1cd5f3a,Apple,Fruits,kg,Mianwali,380,375,5,approved,2026-05-26T02:40:00.141Z
6a1503cc443f22e2e1cd5ed2,Apple,Fruits,kg,Sargodha,420,410,10,approved,2026-05-26T02:22:04.361Z
6a151896443f22e2e1cd6d0a,Banana,Fruits,kg,Pakpattan,215,210,5,approved,2026-05-26T05:26:49.092Z
6a151f2c443f22e2e1cd70bc,Banana,Fruits,kg,Chakwal,200,190,10,approved,2026-05-26T04:18:52.660Z
6a151ca8443f22e2e1cd7012,Banana,Fruits,kg,Toba-Tek-Singh,200,195,5,approved,2026-05-26T04:08:08.383Z
6a151a7c443f22e2e1cd6f74,Banana,Fruits,kg,Sialkot,210,200,10,approved,2026-05-26T03:58:52.905Z
6a15199e443f22e2e1cd6e89,Banana,Fruits,kg,Kasur,215,210,5,approved,2026-05-26T03:55:10.544Z
6a1518b0443f22e2e1cd6da2,Banana,Fruits,kg,Faisalabad,190,180,10,approved,2026-05-26T03:51:12.646Z
6a151884443f22e2e1cd6cb8,Banana,Fruits,kg,Muzaffargarh,215,210,5,approved,2026-05-26T03:50:28.713Z
6a151842443f22e2e1cd6c62,Banana,Fruits,kg,Layyah,220,218,2,approved,2026-05-26T03:49:22.369Z
6a1517cc443f22e2e1cd6b98,Banana,Fruits,kg,Khushab,180,175,5,approved,2026-05-26T03:47:24.672Z
6a151797443f22e2e1cd6b14,Banana,Fruits,kg,Hafizabad,220,215,5,approved,2026-05-26T03:46:31.978Z
6a1516ff443f22e2e1cd6a7a,Banana,Fruits,kg,Vehari,200,198,2,approved,2026-05-26T03:43:59.376Z
6a15162f443f22e2e1cd69f0,Banana,Fruits,kg,D.G. Khan,180,175,5,approved,2026-05-26T03:40:31.217Z
6a1515f0443f22e2e1cd6984,Banana,Fruits,kg,Sheikhupura,210,200,10,approved,2026-05-26T03:39:28.144Z
6a1514f6443f22e2e1cd691b,Banana,Fruits,kg,Sahiwal,215,210,5,approved,2026-05-26T03:35:18.661Z
6a15143c443f22e2e1cd6858,Banana,Fruits,kg,Bhakkar,200,195,5,approved,2026-05-26T03:32:12.160Z
6a1513fc443f22e2e1cd67f7,Banana,Fruits,kg,Chiniot,190,180,10,approved,2026-05-26T03:31:08.025Z
6a15133b443f22e2e1cd6756,Banana,Fruits,kg,Rajanpur,195,192,3,approved,2026-05-26T03:27:55.572Z
6a15125d443f22e2e1cd669c,Banana,Fruits,kg,Okara,215,210,5,approved,2026-05-26T03:24:13.630Z
6a15125b443f22e2e1cd6618,Banana,Fruits,kg,Khanewal,200,195,5,approved,2026-05-26T03:24:11.368Z
6a1511d7443f22e2e1cd65b9,Banana,Fruits,kg,Bahawalpur,180,178,2,approved,2026-05-26T03:21:59.479Z
6a15111d443f22e2e1cd64de,Banana,Fruits,kg,Lodhran,200,195,5,approved,2026-05-26T03:18:53.424Z
6a151078443f22e2e1cd645f,Banana,Fruits,kg,Wazirabad,210,200,10,approved,2026-05-26T03:16:08.507Z
6a150f4b443f22e2e1cd63b3,Banana,Fruits,kg,Lahore,215,210,5,approved,2026-05-26T03:11:07.406Z
6a150ee7443f22e2e1cd6313,Banana,Fruits,kg,Rawalpindi,215,210,5,approved,2026-05-26T03:09:27.029Z
6a150ee1443f22e2e1cd62ad,Banana,Fruits,kg,Gujrat,210,205,5,approved,2026-05-26T03:09:21.222Z
6a150e21443f22e2e1cd61f9,Banana,Fruits,kg,Taunsa-Sharif,150,148,2,approved,2026-05-26T03:06:09.420Z
6a150e17443f22e2e1cd6161,Banana,Fruits,kg,Jhang,190,185,5,approved,2026-05-26T03:05:59.310Z
6a150d99443f22e2e1cd60d6,Banana,Fruits,kg,Multan,200,195,5,approved,2026-05-26T03:03:53.302Z
6a150be0443f22e2e1cd600b,Banana,Fruits,kg,Gujranwala,210,205,5,approved,2026-05-26T02:56:32.084Z
6a150800443f22e2e1cd5f74,Banana,Fruits,kg,Mianwali,200,195,5,approved,2026-05-26T02:40:00.247Z
6a1503cc443f22e2e1cd5ee4,Banana,Fruits,kg,Sargodha,180,170,10,approved,2026-05-26T02:22:04.379Z
6a151f2c443f22e2e1cd70ae,Dates,Fruits,kg,Chakwal,470,460,10,approved,2026-05-26T04:18:52.610Z
6a151ca8443f22e2e1cd7014,Dates,Fruits,kg,Toba-Tek-Singh,450,445,5,approved,2026-05-26T04:08:08.383Z
6a151a7c443f22e2e1cd6f76,Dates,Fruits,kg,Sialkot,475,465,10,approved,2026-05-26T03:58:52.906Z
6a15199e443f22e2e1cd6e95,Dates,Fruits,kg,Kasur,470,465,5,approved,2026-05-26T03:55:10.554Z
6a1518b0443f22e2e1cd6d6c,Dates,Fruits,kg,Faisalabad,450,440,10,approved,2026-05-26T03:51:12.542Z
6a151896443f22e2e1cd6d02,Dates,Fruits,kg,Pakpattan,470,465,5,approved,2026-05-26T03:50:46.466Z
6a151884443f22e2e1cd6cb2,Dates,Fruits,kg,Muzaffargarh,480,475,5,approved,2026-05-26T03:50:28.690Z
6a151842443f22e2e1cd6c66,Dates,Fruits,kg,Layyah,470,468,2,approved,2026-05-26T03:49:22.370Z
6a1517cc443f22e2e1cd6b7c,Dates,Fruits,kg,Khushab,450,440,10,approved,2026-05-26T03:47:24.657Z
6a151797443f22e2e1cd6b12,Dates,Fruits,kg,Hafizabad,475,465,10,approved,2026-05-26T03:46:31.978Z
6a1516ff443f22e2e1cd6a90,Dates,Fruits,kg,Vehari,0,0,0,approved,2026-05-26T03:43:59.419Z
6a15162f443f22e2e1cd6a26,Dates,Fruits,kg,D.G. Khan,480,475,5,approved,2026-05-26T03:40:31.319Z
6a1515f0443f22e2e1cd6986,Dates,Fruits,kg,Sheikhupura,465,460,5,approved,2026-05-26T03:39:28.145Z
6a1514f6443f22e2e1cd6913,Dates,Fruits,kg,Sahiwal,470,465,5,approved,2026-05-26T03:35:18.657Z
6a15143c443f22e2e1cd6844,Dates,Fruits,kg,Bhakkar,460,455,5,approved,2026-05-26T03:32:12.133Z
6a1513fc443f22e2e1cd67fb,Dates,Fruits,kg,Chiniot,450,440,10,approved,2026-05-26T03:31:08.027Z
6a15133b443f22e2e1cd6720,Dates,Fruits,kg,Rajanpur,473,470,3,approved,2026-05-26T03:27:55.509Z
6a15125d443f22e2e1cd666e,Dates,Fruits,kg,Okara,470,460,10,approved,2026-05-26T03:24:13.559Z
6a15125b443f22e2e1cd65fc,Dates,Fruits,kg,Khanewal,460,455,5,approved,2026-05-26T03:24:11.319Z
6a1511d7443f22e2e1cd65c5,Dates,Fruits,kg,Bahawalpur,490,488,2,approved,2026-05-26T03:21:59.496Z
6a15111d443f22e2e1cd64d8,Dates,Fruits,kg,Lodhran,450,445,5,approved,2026-05-26T03:18:53.385Z
6a151078443f22e2e1cd6425,Dates,Fruits,kg,Wazirabad,475,470,5,approved,2026-05-26T03:16:08.425Z
6a150f4b443f22e2e1cd6397,Dates,Fruits,kg,Lahore,470,460,10,approved,2026-05-26T03:11:07.365Z
6a150ee7443f22e2e1cd632d,Dates,Fruits,kg,Rawalpindi,440,435,5,approved,2026-05-26T03:09:27.080Z
6a150ee1443f22e2e1cd62b5,Dates,Fruits,kg,Gujrat,475,470,5,approved,2026-05-26T03:09:21.224Z
6a150e21443f22e2e1cd6233,Dates,Fruits,kg,Taunsa-Sharif,480,478,2,approved,2026-05-26T03:06:09.487Z
6a150e17443f22e2e1cd612f,Dates,Fruits,kg,Jhang,450,445,5,approved,2026-05-26T03:05:59.271Z
6a150d99443f22e2e1cd60ba,Dates,Fruits,kg,Multan,0,0,0,approved,2026-05-26T03:03:53.251Z
6a150be0443f22e2e1cd5fff,Dates,Fruits,kg,Gujranwala,475,470,5,approved,2026-05-26T02:56:32.042Z
6a150800443f22e2e1cd5f3c,Dates,Fruits,kg,Mianwali,460,455,5,approved,2026-05-26T02:40:00.143Z
6a1503cc443f22e2e1cd5ed0,Dates,Fruits,kg,Sargodha,450,440,10,approved,2026-05-26T02:22:04.355Z
6a151f2c443f22e2e1cd70ca,Guava,Fruits,kg,Chakwal,0,0,0,approved,2026-05-26T04:18:52.666Z
6a151ca8443f22e2e1cd704c,Guava,Fruits,kg,Toba-Tek-Singh,0,0,0,approved,2026-05-26T04:08:08.448Z
6a151a7c443f22e2e1cd6fa6,Guava,Fruits,kg,Sialkot,0,0,0,approved,2026-05-26T03:58:52.957Z
6a15199e443f22e2e1cd6eb7,Guava,Fruits,kg,Kasur,0,0,0,approved,2026-05-26T03:55:10.609Z
6a1518b0443f22e2e1cd6d80,Guava,Fruits,kg,Faisalabad,0,0,0,approved,2026-05-26T03:51:12.592Z
6a151896443f22e2e1cd6d10,Guava,Fruits,kg,Pakpattan,0,0,0,approved,2026-05-26T03:50:46.513Z
6a151884443f22e2e1cd6c9e,Guava,Fruits,kg,Muzaffargarh,0,0,0,approved,2026-05-26T03:50:28.670Z
6a151842443f22e2e1cd6c6e,Guava,Fruits,kg,Layyah,0,0,0,approved,2026-05-26T03:49:22.379Z
6a1517cc443f22e2e1cd6b7a,Guava,Fruits,kg,Khushab,0,0,0,approved,2026-05-26T03:47:24.657Z
6a151797443f22e2e1cd6b18,Guava,Fruits,kg,Hafizabad,0,0,0,approved,2026-05-26T03:46:31.981Z
6a1516ff443f22e2e1cd6a82,Guava,Fruits,kg,Vehari,0,0,0,approved,2026-05-26T03:43:59.379Z
6a15162f443f22e2e1cd6a2a,Guava,Fruits,kg,D.G. Khan,150,148,2,approved,2026-05-26T03:40:31.321Z
6a1515f0443f22e2e1cd6988,Guava,Fruits,kg,Sheikhupura,0,0,0,approved,2026-05-26T03:39:28.145Z
6a1514f6443f22e2e1cd6907,Guava,Fruits,kg,Sahiwal,0,0,0,approved,2026-05-26T03:35:18.650Z
6a15143c443f22e2e1cd6874,Guava,Fruits,kg,Bhakkar,0,0,0,approved,2026-05-26T03:32:12.189Z
6a1513fb443f22e2e1cd67c5,Guava,Fruits,kg,Chiniot,120,110,10,approved,2026-05-26T03:31:07.927Z
6a15133b443f22e2e1cd6752,Guava,Fruits,kg,Rajanpur,0,0,0,approved,2026-05-26T03:27:55.568Z
6a15125d443f22e2e1cd6682,Guava,Fruits,kg,Okara,0,0,0,approved,2026-05-26T03:24:13.594Z
6a15125b443f22e2e1cd662c,Guava,Fruits,kg,Khanewal,0,0,0,approved,2026-05-26T03:24:11.404Z
6a1511d7443f22e2e1cd65b1,Guava,Fruits,kg,Bahawalpur,0,0,0,approved,2026-05-26T03:21:59.456Z
6a15111d443f22e2e1cd64e0,Guava,Fruits,kg,Lodhran,0,0,0,approved,2026-05-26T03:18:53.424Z
6a151078443f22e2e1cd642b,Guava,Fruits,kg,Wazirabad,0,0,0,approved,2026-05-26T03:16:08.431Z
6a150f4b443f22e2e1cd6399,Guava,Fruits,kg,Lahore,0,0,0,approved,2026-05-26T03:11:07.366Z
6a150ee7443f22e2e1cd6319,Guava,Fruits,kg,Rawalpindi,0,0,0,approved,2026-05-26T03:09:27.036Z
6a150ee1443f22e2e1cd62a9,Guava,Fruits,kg,Gujrat,0,0,0,approved,2026-05-26T03:09:21.221Z
6a150e21443f22e2e1cd6227,Guava,Fruits,kg,Taunsa-Sharif,150,140,10,approved,2026-05-26T03:06:09.478Z
6a150e17443f22e2e1cd615f,Guava,Fruits,kg,Jhang,0,0,0,approved,2026-05-26T03:05:59.309Z
6a150d99443f22e2e1cd60c6,Guava,Fruits,kg,Multan,0,0,0,approved,2026-05-26T03:03:53.274Z
6a150be0443f22e2e1cd6037,Guava,Fruits,kg,Gujranwala,0,0,0,approved,2026-05-26T02:56:32.138Z
6a150800443f22e2e1cd5f46,Guava,Fruits,kg,Mianwali,0,0,0,approved,2026-05-26T02:40:00.183Z
6a1503cc443f22e2e1cd5edc,Guava,Fruits,kg,Sargodha,0,0,0,approved,2026-05-26T02:22:04.369Z
6a1511d7443f22e2e1cd659b,Melon,Fruits,kg,Bahawalpur,110,105,5,approved,2026-05-26T05:04:57.902Z
6a151f2c443f22e2e1cd70ac,Melon,Fruits,kg,Chakwal,110,100,10,approved,2026-05-26T04:18:52.607Z
6a151ca8443f22e2e1cd701e,Melon,Fruits,kg,Toba-Tek-Singh,70,65,5,approved,2026-05-26T04:08:08.387Z
6a151a7c443f22e2e1cd6f72,Melon,Fruits,kg,Sialkot,125,115,10,approved,2026-05-26T03:58:52.905Z
6a15199e443f22e2e1cd6e99,Melon,Fruits,kg,Kasur,78,75,3,approved,2026-05-26T03:55:10.557Z
6a1518b0443f22e2e1cd6da6,Melon,Fruits,kg,Faisalabad,110,100,10,approved,2026-05-26T03:51:12.649Z
6a151896443f22e2e1cd6d04,Melon,Fruits,kg,Pakpattan,150,145,5,approved,2026-05-26T03:50:46.467Z
6a151884443f22e2e1cd6c98,Melon,Fruits,kg,Muzaffargarh,80,78,2,approved,2026-05-26T03:50:28.664Z
6a151842443f22e2e1cd6c34,Melon,Fruits,kg,Layyah,100,98,2,approved,2026-05-26T03:49:22.324Z
6a1517cc443f22e2e1cd6b82,Melon,Fruits,kg,Khushab,80,75,5,approved,2026-05-26T03:47:24.661Z
6a151798443f22e2e1cd6b40,Melon,Fruits,kg,Hafizabad,125,120,5,approved,2026-05-26T03:46:32.044Z
6a1516ff443f22e2e1cd6a9a,Melon,Fruits,kg,Vehari,150,145,5,approved,2026-05-26T03:43:59.435Z
6a15162f443f22e2e1cd69ec,Melon,Fruits,kg,D.G. Khan,100,98,2,approved,2026-05-26T03:40:31.207Z
6a1515f0443f22e2e1cd69b4,Melon,Fruits,kg,Sheikhupura,125,120,5,approved,2026-05-26T03:39:28.230Z
6a1514f6443f22e2e1cd68f3,Melon,Fruits,kg,Sahiwal,150,145,5,approved,2026-05-26T03:35:18.616Z
6a15143c443f22e2e1cd683e,Melon,Fruits,kg,Bhakkar,55,53,2,approved,2026-05-26T03:32:12.132Z
6a1513fb443f22e2e1cd67cd,Melon,Fruits,kg,Chiniot,110,105,5,approved,2026-05-26T03:31:07.970Z
6a15133b443f22e2e1cd674c,Melon,Fruits,kg,Rajanpur,100,98,2,approved,2026-05-26T03:27:55.564Z
6a15125d443f22e2e1cd6674,Melon,Fruits,kg,Okara,150,140,10,approved,2026-05-26T03:24:13.567Z
6a15125b443f22e2e1cd6616,Melon,Fruits,kg,Khanewal,110,105,5,approved,2026-05-26T03:24:11.367Z
6a15111d443f22e2e1cd650e,Melon,Fruits,kg,Lodhran,0,0,0,approved,2026-05-26T03:18:53.486Z
6a151078443f22e2e1cd6437,Melon,Fruits,kg,Wazirabad,125,115,10,approved,2026-05-26T03:16:08.454Z
6a150f4b443f22e2e1cd63d3,Melon,Fruits,kg,Lahore,60,55,5,approved,2026-05-26T03:11:07.461Z
6a150ee7443f22e2e1cd632f,Melon,Fruits,kg,Rawalpindi,130,125,5,approved,2026-05-26T03:09:27.083Z
6a150ee1443f22e2e1cd62b9,Melon,Fruits,kg,Gujrat,130,125,5,approved,2026-05-26T03:09:21.225Z
6a150e21443f22e2e1cd61f7,Melon,Fruits,kg,Taunsa-Sharif,90,88,2,approved,2026-05-26T03:06:09.420Z
6a150e17443f22e2e1cd6137,Melon,Fruits,kg,Jhang,80,75,5,approved,2026-05-26T03:05:59.274Z
6a150d99443f22e2e1cd60c8,Melon,Fruits,kg,Multan,100,95,5,approved,2026-05-26T03:03:53.283Z
6a150be0443f22e2e1cd602f,Melon,Fruits,kg,Gujranwala,125,120,5,approved,2026-05-26T02:56:32.122Z
6a150800443f22e2e1cd5f60,Melon,Fruits,kg,Mianwali,90,88,2,approved,2026-05-26T02:40:00.197Z
6a1503cc443f22e2e1cd5ef8,Melon,Fruits,kg,Sargodha,55,50,5,approved,2026-05-26T02:22:04.395Z